PRAGMA foreign_keys=OFF;
BEGIN TRANSACTION;
CREATE TABLE IF NOT EXISTS "migrations" ("id" integer primary key autoincrement not null, "migration" varchar not null, "batch" integer not null);
INSERT INTO migrations VALUES(1,'0001_01_01_000000_create_users_table',1);
INSERT INTO migrations VALUES(2,'0001_01_01_000001_create_cache_table',1);
INSERT INTO migrations VALUES(3,'0001_01_01_000002_create_jobs_table',1);
INSERT INTO migrations VALUES(4,'2025_11_20_143055_add_role_to_users_table',2);
INSERT INTO migrations VALUES(5,'2025_11_20_143055_create_account_balances_table',2);
INSERT INTO migrations VALUES(6,'2025_11_20_143055_create_deposits_table',2);
INSERT INTO migrations VALUES(7,'2025_11_20_143055_create_roi_settings_table',2);
INSERT INTO migrations VALUES(8,'2025_11_20_143055_create_transaction_logs_table',2);
INSERT INTO migrations VALUES(9,'2025_11_20_143056_create_audit_logs_table',2);
INSERT INTO migrations VALUES(10,'2025_11_21_142452_create_withdrawal_requests_table',3);
INSERT INTO migrations VALUES(11,'2026_02_15_230000_seed_admin_users',4);
INSERT INTO migrations VALUES(12,'2026_02_16_122734_create_email_verification_codes_table',4);
INSERT INTO migrations VALUES(13,'2026_02_16_122735_add_pin_to_users_table',4);
INSERT INTO migrations VALUES(14,'2026_02_16_200000_add_user_activity_fields',5);
INSERT INTO migrations VALUES(15,'2026_02_16_200001_create_user_notifications_table',5);
CREATE TABLE IF NOT EXISTS "users" ("id" integer primary key autoincrement not null, "name" varchar not null, "email" varchar not null, "email_verified_at" datetime, "password" varchar not null, "remember_token" varchar, "created_at" datetime, "updated_at" datetime, "role" varchar not null default 'user', "pin" varchar, "is_active" tinyint(1) not null default '1', "last_login_at" datetime, "last_login_ip" varchar);
INSERT INTO users VALUES(1,'Administrator','admin@realaitrading.com','2025-11-21 03:27:56','$2y$12$DuthcnW.iHdC2YmECCB4ROW.ICU8P/X6xAQKbZ9jJvKUCDUdFmCI2','r2w9rKfUW98TWSlwC2RbwZYLKVPJpdLeF3Y8YLlDQcPlRGwc6Q8O9Kvi4Drc','2025-11-20 14:35:16','2025-11-21 03:27:56','admin',NULL,1,NULL,NULL);
INSERT INTO users VALUES(2,'Test User','test@example.com',NULL,'$2y$12$InglO/tlAjlpje9Tx1dhX.Vu0LiS9RcmGpGJ.SS0u1u5dPJXDBRdK',NULL,'2025-11-20 14:44:15','2025-11-20 14:44:15','user',NULL,1,NULL,NULL);
INSERT INTO users VALUES(3,'Mateo Cummings','fziemann@example.org','2025-11-20 14:46:16','$2y$12$hoKUS6Nb/NEOygxchBXe3.bQLWZbFzTvJtv7c8H8.lVSk0c.9fShu','hOg2pyfnj5','2025-11-20 14:46:16','2025-11-20 14:46:16','user',NULL,1,NULL,NULL);
INSERT INTO users VALUES(4,'woman','woman@gmail.com',NULL,'$2y$12$PXmMtkuuM1qGn/7jlw87CuutnTWz24XYrJ63ttT15Gg6WGfk6HOZO',NULL,'2025-11-20 16:38:43','2025-11-20 16:38:43','user',NULL,1,NULL,NULL);
INSERT INTO users VALUES(5,'man','man@gmail.com',NULL,'$2y$12$y5gvtswt4qGOnYq/kV9nl.L8ZePNR.6f4lGiSPszvdBxIx3vgpwmi',NULL,'2025-11-21 12:12:00','2025-11-21 12:12:00','user',NULL,1,NULL,NULL);
INSERT INTO users VALUES(6,'Administrator','adminq@realaitrading.com','2026-02-16 12:32:12','$2y$12$wFlkiFFim6LJVbEvwTA16OW4dXvi1OaSYm3eQ4LBAfqJuUjpBANrC',NULL,'2026-02-16 12:32:12','2026-02-16 12:32:12','admin',NULL,1,NULL,NULL);
INSERT INTO users VALUES(7,'alexander vince','morsewealth@gmail.com','2026-02-16 13:05:00','$2y$12$Qkzy3WNNwrE3ggN9pkOot.Uk0j.QyqBm5Y.sdubqOjX5cBh.F2cdy','py5phyenIeqCmO9AyRwrzBGKChqlZ3ZdyUfZp07kWADmOx3O9505ihU01qey','2026-02-16 12:40:10','2026-02-16 13:05:11','user','$2y$12$qW99h0fcdRv1ZUAaT57pLOGrLjURmkidAEPtDTmF1sCvsNybe4NL6',1,NULL,NULL);
CREATE TABLE IF NOT EXISTS "password_reset_tokens" ("email" varchar not null, "token" varchar not null, "created_at" datetime, primary key ("email"));
INSERT INTO password_reset_tokens VALUES('admin@realaitrading.com','$2y$12$t19MvOt.LVb7N7Uq9MEJPOGql1OLF5Ig.5f6C0XDIAB6HHXdMrYvS','2026-03-03 16:00:03');
INSERT INTO password_reset_tokens VALUES('morsewealth@gmail.com','$2y$12$8KFqs0Nj5KZ58bTwP0v30.k6Hc9pXWzcKZtT/rALzb./fb1VNYyG6','2026-03-03 22:37:22');
CREATE TABLE IF NOT EXISTS "sessions" ("id" varchar not null, "user_id" integer, "ip_address" varchar, "user_agent" text, "payload" text not null, "last_activity" integer not null, primary key ("id"));
INSERT INTO sessions VALUES('2sQQxWqrNkOxL5i1VdmJkHxYx2hnEG8kwDNq23y1',1,'127.0.0.1','Mozilla/5.0 (Macintosh; Intel Mac OS X 10_15_7) AppleWebKit/537.36 (KHTML, like Gecko) Chrome/144.0.0.0 Safari/537.36','YTo2OntzOjY6Il90b2tlbiI7czo0MDoiWFk2czBUZE9Vb1k3eFZkNm1WWkpJU1dlek9kMnBUYTk3M0lMbHI1USI7czo5OiJfcHJldmlvdXMiO2E6Mjp7czozOiJ1cmwiO3M6NDc6Imh0dHA6Ly8xMjcuMC4wLjE6ODAwMC9hZG1pbi93aXRoZHJhd2FsLXJlcXVlc3RzIjtzOjU6InJvdXRlIjtzOjUwOiJmaWxhbWVudC5hZG1pbi5yZXNvdXJjZXMud2l0aGRyYXdhbC1yZXF1ZXN0cy5pbmRleCI7fXM6NjoiX2ZsYXNoIjthOjI6e3M6Mzoib2xkIjthOjA6e31zOjM6Im5ldyI7YTowOnt9fXM6NTA6ImxvZ2luX3dlYl81OWJhMzZhZGRjMmIyZjk0MDE1ODBmMDE0YzdmNThlYTRlMzA5ODlkIjtpOjE7czoxNzoicGFzc3dvcmRfaGFzaF93ZWIiO3M6NjA6IiQyeSQxMiREdXRoY25XLmlIZEMyWW1FQ0NCNFJPVy5JQ1U4UC9YNnhBUUtiWjlqSnZLVUNEVWRGbUNJMiI7czo4OiJmaWxhbWVudCI7YTowOnt9fQ==',1771269164);
INSERT INTO sessions VALUES('dbdVE1sr62NZCnCrf1tC6DFaL2aWnnur1HbL2ohQ',NULL,'127.0.0.1','Mozilla/5.0 (Macintosh; Intel Mac OS X 10_15_7) AppleWebKit/537.36 (KHTML, like Gecko) Chrome/145.0.0.0 Safari/537.36','YTozOntzOjY6Il90b2tlbiI7czo0MDoiUU9iRVlUeWtYWExsYm5ObFRNWm1lRW55dllTUjlGNWxjaWRSRVhFYSI7czo5OiJfcHJldmlvdXMiO2E6Mjp7czozOiJ1cmwiO3M6Mjc6Imh0dHA6Ly9sb2NhbGhvc3Q6ODAwMC9sb2dpbiI7czo1OiJyb3V0ZSI7czo1OiJsb2dpbiI7fXM6NjoiX2ZsYXNoIjthOjI6e3M6Mzoib2xkIjthOjA6e31zOjM6Im5ldyI7YTowOnt9fX0=',1772552771);
INSERT INTO sessions VALUES('iVDpjEdtSjDbjb3Rs8kXoo2XLnrpELYlrHemtA2B',1,'127.0.0.1','Mozilla/5.0 (Macintosh; Intel Mac OS X 10_15_7) AppleWebKit/537.36 (KHTML, like Gecko) Chrome/145.0.0.0 Safari/537.36','YTo0OntzOjY6Il90b2tlbiI7czo0MDoieFRtaE96M2thTG5Tb2NVZlZBMjd2Z2NRWVlCS2tKaGtvVG10aFpjcSI7czo1MDoibG9naW5fd2ViXzU5YmEzNmFkZGMyYjJmOTQwMTU4MGYwMTRjN2Y1OGVhNGUzMDk4OWQiO2k6MTtzOjk6Il9wcmV2aW91cyI7YToyOntzOjM6InVybCI7czozMjoiaHR0cDovL2xvY2FsaG9zdDo4MDAwL2NyZWF0ZS1waW4iO3M6NToicm91dGUiO3M6MTA6ImNyZWF0ZS1waW4iO31zOjY6Il9mbGFzaCI7YToyOntzOjM6Im9sZCI7YTowOnt9czozOiJuZXciO2E6MDp7fX19',1772552766);
INSERT INTO sessions VALUES('wGNkiBVHaigWHGwtPCKKcFkZ4HhOOYS3vvhpkvi9',NULL,'127.0.0.1','Mozilla/5.0 (Macintosh; Intel Mac OS X 10_15_7) AppleWebKit/537.36 (KHTML, like Gecko) Chrome/145.0.0.0 Safari/537.36','YTozOntzOjY6Il90b2tlbiI7czo0MDoiVVNjOHloR0VmRUZxQlhRY1g5dG93M2UxM0MzQktRQTdEd1hSaTBhdCI7czo5OiJfcHJldmlvdXMiO2E6Mjp7czozOiJ1cmwiO3M6MTMxOiJodHRwOi8vbG9jYWxob3N0OjgwMDEvcmVzZXQtcGFzc3dvcmQvNDI3NTk3NDQ1NmVmMDg3MWUyNzkxYzY4ZjM3MjQ5ODYxYmM0YTZjZmRmMTMxZTdjMTVhNjRiZWRlYTVmM2ZkND9lbWFpbD1tb3JzZXdlYWx0aCU0MGdtYWlsLmNvbSI7czo1OiJyb3V0ZSI7czoxNDoicGFzc3dvcmQucmVzZXQiO31zOjY6Il9mbGFzaCI7YToyOntzOjM6Im9sZCI7YTowOnt9czozOiJuZXciO2E6MDp7fX19',1772576849);
CREATE TABLE IF NOT EXISTS "cache" ("key" varchar not null, "value" text not null, "expiration" integer not null, primary key ("key"));
CREATE TABLE IF NOT EXISTS "cache_locks" ("key" varchar not null, "owner" varchar not null, "expiration" integer not null, primary key ("key"));
CREATE TABLE IF NOT EXISTS "jobs" ("id" integer primary key autoincrement not null, "queue" varchar not null, "payload" text not null, "attempts" integer not null, "reserved_at" integer, "available_at" integer not null, "created_at" integer not null);
CREATE TABLE IF NOT EXISTS "job_batches" ("id" varchar not null, "name" varchar not null, "total_jobs" integer not null, "pending_jobs" integer not null, "failed_jobs" integer not null, "failed_job_ids" text not null, "options" text, "cancelled_at" integer, "created_at" integer not null, "finished_at" integer, primary key ("id"));
CREATE TABLE IF NOT EXISTS "failed_jobs" ("id" integer primary key autoincrement not null, "uuid" varchar not null, "connection" text not null, "queue" text not null, "payload" text not null, "exception" text not null, "failed_at" datetime not null default CURRENT_TIMESTAMP);
CREATE TABLE IF NOT EXISTS "account_balances" ("id" integer primary key autoincrement not null, "user_id" integer not null, "principal_amount" numeric not null default '0', "current_balance" numeric not null default '0', "last_growth_applied_at" datetime, "created_at" datetime, "updated_at" datetime, foreign key("user_id") references "users"("id") on delete cascade);
INSERT INTO account_balances VALUES(1,3,1000,1015,'2025-11-20 14:46:16','2025-11-20 14:46:16','2025-11-20 14:46:16');
INSERT INTO account_balances VALUES(2,1,0,0,NULL,'2025-11-20 14:46:16','2025-11-20 14:46:16');
INSERT INTO account_balances VALUES(3,2,0,500,NULL,'2025-11-20 14:46:16','2025-11-20 17:31:24');
INSERT INTO account_balances VALUES(4,4,29000,30000,NULL,'2025-11-20 22:38:36','2025-11-20 22:46:29');
INSERT INTO account_balances VALUES(5,5,9000,9000,NULL,'2025-11-21 12:12:00','2025-11-21 15:07:42');
INSERT INTO account_balances VALUES(6,7,0,0,NULL,'2026-02-16 12:40:10','2026-02-16 12:40:10');
CREATE TABLE IF NOT EXISTS "deposits" ("id" integer primary key autoincrement not null, "user_id" integer not null, "tx_hash" varchar, "amount_btc" numeric not null, "amount_usd" numeric not null, "status" varchar not null default 'pending', "notes" text, "confirmed_at" datetime, "created_at" datetime, "updated_at" datetime, foreign key("user_id") references "users"("id") on delete cascade);
INSERT INTO deposits VALUES(1,4,NULL,0.1287999999999999979,29000,'confirmed',NULL,'2025-11-20 22:41:25','2025-11-20 22:41:25','2025-11-20 22:41:25');
INSERT INTO deposits VALUES(2,5,'eeqqeq',0.1000000000000000055,1200,'confirmed','good job','2025-11-21 12:15:22','2025-11-21 12:15:22','2025-11-21 12:15:22');
INSERT INTO deposits VALUES(3,5,'yy',6,4000,'confirmed',NULL,'2025-11-21 15:07:42','2025-11-21 15:07:42','2025-11-21 15:07:42');
CREATE TABLE IF NOT EXISTS "roi_settings" ("id" integer primary key autoincrement not null, "user_id" integer, "scope" varchar not null default 'global', "daily_rate_percent" numeric not null, "active" tinyint(1) not null default '1', "created_at" datetime, "updated_at" datetime, foreign key("user_id") references "users"("id") on delete cascade);
INSERT INTO roi_settings VALUES(1,NULL,'global',1.5,1,'2025-11-20 14:46:16','2025-11-20 14:46:16');
CREATE TABLE IF NOT EXISTS "transaction_logs" ("id" integer primary key autoincrement not null, "user_id" integer not null, "type" varchar not null, "amount" numeric not null, "balance_after" numeric not null, "meta" text, "created_at" datetime, "updated_at" datetime, foreign key("user_id") references "users"("id") on delete cascade);
INSERT INTO transaction_logs VALUES(1,3,'deposit',1000,1000,'[]','2025-11-20 14:46:16','2025-11-20 14:46:16');
INSERT INTO transaction_logs VALUES(2,3,'roi_growth',15,1015,'{"rate_percent":1.5,"base_balance":1000}','2025-11-20 14:46:16','2025-11-20 14:46:16');
INSERT INTO transaction_logs VALUES(3,4,'deposit',29000,29000,'{"deposit_id":1,"tx_hash":null,"amount_btc":"0.1288"}','2025-11-20 22:41:25','2025-11-20 22:41:25');
INSERT INTO transaction_logs VALUES(4,5,'deposit',1200,1200,'{"deposit_id":2,"tx_hash":"eeqqeq","amount_btc":"0.1"}','2025-11-21 12:15:22','2025-11-21 12:15:22');
INSERT INTO transaction_logs VALUES(5,5,'deposit',4000,9000,'{"deposit_id":3,"tx_hash":"yy","amount_btc":"6"}','2025-11-21 15:07:42','2025-11-21 15:07:42');
CREATE TABLE IF NOT EXISTS "audit_logs" ("id" integer primary key autoincrement not null, "admin_id" integer, "action" varchar not null, "target_type" varchar, "target_id" varchar, "details" text, "created_at" datetime, "updated_at" datetime, foreign key("admin_id") references "users"("id") on delete set null);
INSERT INTO audit_logs VALUES(1,NULL,'apply_daily_roi','user','3','{"amount":15,"rate":1.5,"new_balance":1000}','2025-11-20 14:46:16','2025-11-20 14:46:16');
CREATE TABLE IF NOT EXISTS "withdrawal_requests" ("id" integer primary key autoincrement not null, "user_id" integer not null, "amount" numeric not null, "btc_address" varchar not null, "status" varchar check ("status" in ('pending', 'approved', 'rejected')) not null default 'pending', "admin_notes" text, "processed_at" datetime, "created_at" datetime, "updated_at" datetime, foreign key("user_id") references "users"("id") on delete cascade);
INSERT INTO withdrawal_requests VALUES(1,5,120,'yy8','pending',NULL,NULL,'2025-11-21 14:36:12','2025-11-21 14:36:12');
INSERT INTO withdrawal_requests VALUES(2,5,4,'6','pending',NULL,NULL,'2025-11-21 14:39:40','2025-11-21 14:39:40');
INSERT INTO withdrawal_requests VALUES(3,5,6,'b','pending',NULL,NULL,'2025-11-21 14:44:51','2025-11-21 14:44:51');
INSERT INTO withdrawal_requests VALUES(4,5,78,'yy','pending',NULL,NULL,'2025-11-21 14:52:53','2025-11-21 14:52:53');
INSERT INTO withdrawal_requests VALUES(5,2,55,'R','approved','good','2026-02-16 19:12:33','2026-02-15 23:10:18','2026-02-16 19:12:33');
CREATE TABLE IF NOT EXISTS "email_verification_codes" ("id" integer primary key autoincrement not null, "email" varchar not null, "code" varchar not null, "expires_at" datetime not null, "created_at" datetime, "updated_at" datetime);
CREATE TABLE IF NOT EXISTS "user_notifications" ("id" integer primary key autoincrement not null, "user_id" integer, "title" varchar not null, "message" text not null, "type" varchar check ("type" in ('info', 'success', 'warning')) not null default 'info', "is_read" tinyint(1) not null default '0', "sent_by" integer, "created_at" datetime, "updated_at" datetime, foreign key("user_id") references "users"("id") on delete cascade, foreign key("sent_by") references "users"("id") on delete set null);
DELETE FROM sqlite_sequence;
INSERT INTO sqlite_sequence VALUES('migrations',15);
INSERT INTO sqlite_sequence VALUES('users',7);
INSERT INTO sqlite_sequence VALUES('account_balances',6);
INSERT INTO sqlite_sequence VALUES('transaction_logs',5);
INSERT INTO sqlite_sequence VALUES('roi_settings',1);
INSERT INTO sqlite_sequence VALUES('audit_logs',1);
INSERT INTO sqlite_sequence VALUES('deposits',3);
INSERT INTO sqlite_sequence VALUES('withdrawal_requests',5);
INSERT INTO sqlite_sequence VALUES('email_verification_codes',2);
CREATE UNIQUE INDEX "users_email_unique" on "users" ("email");
CREATE INDEX "sessions_user_id_index" on "sessions" ("user_id");
CREATE INDEX "sessions_last_activity_index" on "sessions" ("last_activity");
CREATE INDEX "jobs_queue_index" on "jobs" ("queue");
CREATE UNIQUE INDEX "failed_jobs_uuid_unique" on "failed_jobs" ("uuid");
CREATE INDEX "email_verification_codes_email_index" on "email_verification_codes" ("email");
COMMIT;
